Feature_1,Feature_2,Feature_3,Feature_4,Feature_5,Feature_6,Feature_7,Feature_8,Feature_9,Feature_10
63,2.0,39000,0.5,3,3.4000000000000004,46,75,435.32,-4
20,9.8,28000,0.6000000000000001,1,5.4,10,20,179.98,1
43,9.3,108000,0.5,1,0.0,14,45,391.11,-4
44,3.8000000000000003,195000,0.6000000000000001,3,3.6,91,50,459.47,-3
15,0.7000000000000001,151000,0.1,3,9.1,74,85,276.28000000000003,-4
52,8.5,133000,0.5,4,4.3,51,95,286.41,0
40,1.8,70000,-1.0,3,3.8000000000000003,87,100,448.13,-5
45,4.0,122000,0.1,2,3.9000000000000004,10,30,85.02,-2
60,6.300000000000001,44000,0.5,4,1.9000000000000001,89,75,313.16,-5
59,6.800000000000001,87000,-0.8,5,3.3000000000000003,72,85,119.59,-5
41,4.1000000000000005,57000,-0.9,2,0.5,51,65,265.12,-2
48,7.7,12000,-0.30000000000000004,2,9.700000000000001,66,80,445.23,-3
55,3.9000000000000004,197000,0.0,2,9.700000000000001,8,75,475.38,1
54,3.4000000000000004,73000,0.9,1,5.0,54,65,155.0,-4
25,5.9,148000,-0.2,5,4.9,2,95,201.08,2
37,2.3000000000000003,69000,-0.8,3,7.1000000000000005,84,95,219.76,0
22,6.0,200000,0.7000000000000001,1,7.6000000000000005,90,80,309.77,-4
16,2.6,8000,0.5,3,3.0,55,95,280.58,-3
17,4.6000000000000005,123000,-0.7000000000000001,4,1.9000000000000001,85,30,217.70000000000002,-4
24,7.7,196000,-0.1,2,7.5,86,45,208.15,0
15,0.9,91000,0.0,2,6.4,61,65,474.66,3
60,9.700000000000001,98000,-0.9,1,1.9000000000000001,91,0,147.24,1
35,2.3000000000000003,109000,1.0,3,3.9000000000000004,7,75,76.23,-5
58,0.8,45000,-0.2,1,4.3,72,85,291.71,-1
18,5.0,79000,0.8,3,9.700000000000001,26,100,492.42,1
35,1.4000000000000001,99000,0.30000000000000004,4,5.2,49,80,386.66,-2
36,9.600000000000001,22000,-0.1,3,3.5,89,50,213.68,1
53,9.0,10000,0.9,2,7.300000000000001,95,70,303.94,2
29,9.9,143000,0.1,1,7.6000000000000005,70,10,107.56,-2
45,8.0,102000,-0.5,1,6.9,68,15,291.25,2
63,0.2,115000,0.0,1,0.6000000000000001,50,30,484.01,-1
43,3.2,173000,0.8,1,2.1,68,95,187.85,2
60,5.6000000000000005,119000,-0.7000000000000001,1,9.600000000000001,79,40,187.28,1
15,8.700000000000001,48000,0.0,5,3.6,68,50,325.73,3
52,6.0,137000,-0.9,3,2.5,25,80,172.73,0
54,4.1000000000000005,63000,-0.4,3,3.9000000000000004,7,30,193.77,-3
56,8.3,83000,0.0,2,6.7,68,55,173.72,-2
51,8.3,190000,0.4,2,4.9,23,60,283.98,-4
57,0.30000000000000004,110000,-0.2,1,0.8,8,25,295.64,5
42,6.5,197000,-0.7000000000000001,1,0.7000000000000001,82,90,131.17000000000002,-3
44,5.9,121000,0.5,2,4.3,7,0,426.53000000000003,-2
25,1.7000000000000002,185000,0.9,2,9.5,6,5,306.82,-4
33,8.5,162000,0.5,4,0.0,20,45,61.24,2
35,7.6000000000000005,111000,-0.6000000000000001,4,2.7,90,55,395.7,-2
41,1.3,193000,-0.7000000000000001,2,3.9000000000000004,15,45,89.43,5
50,9.5,104000,0.5,2,6.800000000000001,20,55,83.69,-5
44,7.1000000000000005,170000,-0.6000000000000001,2,2.5,7,100,360.95,0
51,3.5,148000,-0.2,4,8.5,69,0,369.38,1
50,7.6000000000000005,81000,0.1,4,8.1,70,60,408.55,3
46,7.5,55000,0.1,5,8.5,67,95,461.75,1
22,0.4,45000,0.1,5,7.9,12,100,218.14000000000001,3
61,1.2000000000000002,149000,-0.1,4,5.0,51,10,151.56,5
37,7.6000000000000005,8000,-0.30000000000000004,3,4.7,49,100,212.08,5
34,0.30000000000000004,177000,-0.30000000000000004,4,3.0,32,10,320.72,-4
64,8.0,71000,-0.30000000000000004,1,6.300000000000001,4,90,217.02,4
60,4.9,120000,-1.0,5,5.1000000000000005,49,70,209.74,-2
47,6.800000000000001,23000,-0.9,2,6.800000000000001,94,5,338.87,4
38,7.800000000000001,40000,0.5,1,0.2,25,50,189.42000000000002,-3
42,2.3000000000000003,145000,0.6000000000000001,5,8.8,69,0,226.27,2
32,7.5,130000,0.4,4,0.8,56,95,229.93,-3
64,8.5,174000,-0.1,1,0.7000000000000001,35,25,343.95,-4
15,4.5,172000,-0.9,2,7.7,80,0,76.23,-1
60,2.4000000000000004,173000,-0.7000000000000001,4,5.9,65,25,129.41,-2
23,6.6000000000000005,95000,-0.8,3,8.5,7,45,377.02,-5
44,10.0,194000,0.30000000000000004,1,9.600000000000001,69,80,55.96,2
22,5.6000000000000005,79000,-0.1,4,0.6000000000000001,15,85,60.18,3
22,7.800000000000001,144000,0.8,3,3.9000000000000004,0,85,150.33,-1
39,7.9,90000,0.6000000000000001,2,8.6,97,20,70.39,-4
20,3.0,13000,0.7000000000000001,2,4.800000000000001,84,90,376.7,0
33,5.6000000000000005,132000,-0.6000000000000001,5,3.7,16,60,285.55,-1
39,6.800000000000001,61000,-0.6000000000000001,2,7.0,35,20,171.71,5
57,1.0,182000,-0.6000000000000001,5,1.7000000000000002,35,80,116.69,-5
36,1.1,29000,0.6000000000000001,4,3.8000000000000003,80,60,482.1,2
49,3.8000000000000003,125000,0.1,4,0.0,20,90,239.26,-2
52,7.1000000000000005,148000,0.8,1,2.6,65,70,295.67,1
47,0.2,69000,0.9,2,7.1000000000000005,26,50,95.88,-2
43,1.3,40000,0.4,5,5.7,4,80,294.79,-1
16,7.4,154000,-0.30000000000000004,3,0.6000000000000001,46,25,460.68,4
38,4.0,163000,0.2,1,8.6,77,15,342.21,0
28,7.800000000000001,2000,-0.9,2,8.6,52,90,473.06,-1
46,8.9,39000,-0.8,4,2.9000000000000004,9,75,371.72,3
27,7.5,76000,0.4,3,4.800000000000001,48,0,427.73,-4
42,5.300000000000001,2000,-0.6000000000000001,1,3.0,46,70,253.27,1
49,7.800000000000001,195000,1.0,2,7.300000000000001,48,70,228.74,-2
40,10.0,167000,-0.2,1,1.3,25,15,423.27,4
55,0.8,154000,-0.1,5,2.7,44,30,106.91,2
60,7.0,131000,0.9,1,0.7000000000000001,36,0,427.97,4
63,3.1,123000,-0.1,1,8.3,22,25,485.21000000000004,-2
16,7.2,148000,-0.30000000000000004,3,0.5,76,30,296.04,5
29,4.0,101000,0.7000000000000001,4,9.700000000000001,68,15,109.10000000000001,2
55,6.6000000000000005,102000,0.1,5,2.4000000000000004,57,95,466.39,1
54,5.300000000000001,55000,0.9,4,2.3000000000000003,67,50,458.91,3
52,6.2,73000,-0.1,2,5.6000000000000005,58,100,291.94,-1
24,8.200000000000001,84000,0.1,1,7.0,42,95,233.29,-5
48,0.30000000000000004,161000,0.30000000000000004,5,5.300000000000001,7,10,137.34,-3
26,7.1000000000000005,5000,-0.6000000000000001,2,9.700000000000001,7,95,224.41,5
58,6.9,7000,0.4,1,3.8000000000000003,31,85,150.67000000000002,-4
36,0.4,167000,0.1,2,3.3000000000000003,4,0,171.54,-1
58,6.800000000000001,143000,-0.6000000000000001,3,4.0,61,20,365.6,-2
53,0.30000000000000004,109000,0.6000000000000001,4,6.4,4,90,281.32,4
22,0.30000000000000004,185000,-0.30000000000000004,3,0.1,31,75,282.52,-5
50,3.7,124000,0.1,3,5.6000000000000005,65,55,452.58,-5
31,6.9,11000,-0.4,5,0.2,12,80,321.0,5
47,9.600000000000001,62000,0.4,4,9.9,100,0,111.46000000000001,-2
49,7.0,28000,-0.7000000000000001,2,0.5,57,50,305.78000000000003,2
38,7.6000000000000005,73000,0.9,4,8.700000000000001,22,100,153.75,0
40,2.1,182000,-0.30000000000000004,5,8.700000000000001,20,70,337.24,-5
19,9.5,166000,-0.30000000000000004,5,1.9000000000000001,27,60,118.7,-4
56,8.9,47000,0.9,2,3.9000000000000004,40,85,221.42000000000002,-2
49,5.300000000000001,39000,-0.9,5,4.6000000000000005,72,75,152.86,-3
42,9.700000000000001,198000,-0.7000000000000001,1,5.300000000000001,62,90,373.97,0
56,6.5,89000,0.8,5,8.5,15,100,380.29,2
23,4.6000000000000005,0,0.0,4,5.9,82,45,149.91,2
22,3.1,146000,0.8,3,9.3,54,100,397.90000000000003,3
18,4.7,145000,-0.8,5,4.2,7,70,78.41,0
46,8.1,38000,0.4,5,1.8,33,25,259.88,3
65,1.0,160000,0.30000000000000004,4,4.5,55,30,349.18,-3
40,9.9,190000,-0.9,4,6.9,98,75,79.28,2
37,5.7,67000,-0.9,4,3.9000000000000004,34,35,232.18,3
46,6.300000000000001,19000,0.1,1,5.300000000000001,96,15,389.94,4
26,3.3000000000000003,176000,0.7000000000000001,1,1.8,17,35,218.74,1
30,2.7,16000,-0.7000000000000001,5,3.1,25,65,334.56,-3
27,2.4000000000000004,190000,-1.0,3,0.0,37,70,299.3,2
44,5.1000000000000005,169000,-0.6000000000000001,2,5.800000000000001,70,25,462.36,-4
36,1.2000000000000002,118000,-0.2,3,9.600000000000001,55,15,335.57,1
43,7.0,24000,0.0,3,9.4,11,10,246.81,1
63,8.5,107000,0.1,4,0.9,16,90,113.85000000000001,0
23,2.1,67000,0.2,3,1.9000000000000001,82,100,83.99,1
44,2.7,90000,-1.0,1,1.2000000000000002,61,30,305.54,3
22,8.8,15000,0.0,5,9.4,71,100,72.17,-1
44,6.9,24000,-1.0,2,9.9,28,40,115.17,-1
64,7.0,2000,-0.4,5,3.5,73,100,300.98,-5
17,5.2,98000,1.0,3,5.9,88,20,479.15000000000003,-1
16,8.9,126000,0.9,2,9.1,13,0,142.06,3
19,2.8000000000000003,11000,0.30000000000000004,3,0.0,10,10,200.96,-1
32,0.30000000000000004,39000,0.0,2,2.3000000000000003,40,75,397.38,0
42,6.9,139000,-0.1,3,9.4,20,10,137.42000000000002,-5
33,5.2,52000,0.5,5,6.2,75,45,455.45,-3
23,8.3,2000,-0.9,4,8.6,76,65,270.17,-3
48,4.9,54000,0.4,1,1.9000000000000001,33,35,273.54,-1
22,0.4,78000,0.5,2,7.5,81,70,109.71000000000001,-4
48,5.1000000000000005,91000,-0.1,3,6.1000000000000005,25,0,465.33,-3
30,2.0,122000,0.30000000000000004,5,6.4,60,80,75.92,-3
63,3.9000000000000004,158000,0.1,5,3.4000000000000004,92,95,439.41,0
37,7.2,162000,0.7000000000000001,4,2.8000000000000003,65,100,84.32000000000001,-2
39,8.700000000000001,174000,-0.8,2,2.6,86,60,400.40000000000003,-5
36,3.0,199000,-0.30000000000000004,3,6.5,88,20,253.31,1
26,4.3,54000,0.30000000000000004,2,1.2000000000000002,2,80,187.12,-1
36,2.5,23000,1.0,2,4.6000000000000005,31,55,205.06,-1
39,9.3,28000,-0.5,1,3.4000000000000004,87,0,459.29,-3
53,6.800000000000001,13000,0.4,5,0.1,4,0,460.46000000000004,4
26,6.9,149000,0.0,4,6.2,91,65,259.4,0
58,3.5,9000,-0.30000000000000004,1,6.5,67,85,490.88,-5
55,8.5,129000,0.0,5,0.5,23,90,382.55,4
15,6.4,15000,0.9,4,3.7,78,30,348.25,1
18,0.1,145000,0.2,3,7.5,22,20,253.15,2
31,6.9,128000,-0.30000000000000004,2,5.2,92,100,296.83,5
59,5.1000000000000005,27000,0.9,3,7.800000000000001,83,25,370.61,-3
35,4.4,28000,-0.6000000000000001,1,8.8,87,0,187.03,-5
17,4.1000000000000005,106000,-0.30000000000000004,5,9.200000000000001,57,40,286.95,-5
51,1.1,66000,0.30000000000000004,4,0.9,88,55,488.97,0
45,5.0,188000,0.5,3,0.2,23,40,498.93,-3
28,1.0,2000,0.1,5,9.8,22,25,377.55,3
35,9.700000000000001,27000,-0.1,2,8.1,44,65,424.92,0
45,7.0,122000,0.2,1,4.2,83,45,215.72,5
22,6.300000000000001,17000,-0.6000000000000001,5,7.0,44,55,104.87,1
42,9.9,128000,0.5,4,2.0,24,35,264.19,0
46,5.2,46000,-0.1,2,9.8,9,40,455.5,5
28,6.4,112000,-0.5,4,3.3000000000000003,41,85,136.81,-1
15,0.4,146000,-0.8,1,5.300000000000001,40,30,243.6,-4
64,7.7,62000,0.9,2,6.5,21,100,420.75,0
28,8.200000000000001,12000,0.4,4,0.0,45,90,374.46,-4
31,6.9,184000,-0.4,1,0.1,82,20,96.03,-5
26,9.700000000000001,57000,1.0,5,3.4000000000000004,51,45,205.63,-1
58,8.9,83000,0.7000000000000001,2,1.1,87,50,96.51,-1
60,7.300000000000001,57000,-0.6000000000000001,2,5.800000000000001,59,40,78.44,4
56,9.0,14000,-0.5,3,3.3000000000000003,9,35,355.31,-5
64,4.3,4000,0.7000000000000001,3,0.7000000000000001,12,55,227.36,5
18,1.2000000000000002,86000,0.6000000000000001,2,2.9000000000000004,19,0,339.15000000000003,5
45,4.6000000000000005,134000,-0.4,2,4.9,28,50,155.84,0
60,6.7,181000,-0.30000000000000004,4,5.4,49,75,122.58,1
35,4.3,194000,-0.2,2,1.1,77,95,320.93,-3
28,9.200000000000001,14000,1.0,3,8.5,82,45,462.23,-2
28,9.5,200000,0.7000000000000001,3,6.300000000000001,69,15,79.82000000000001,-4
64,8.700000000000001,104000,0.8,4,3.3000000000000003,97,30,53.38,3
47,9.4,176000,0.1,4,0.1,83,20,113.66,5
64,3.1,123000,0.7000000000000001,1,2.3000000000000003,99,80,224.76,5
50,3.2,140000,0.5,2,9.200000000000001,20,35,389.09000000000003,-1
41,6.2,73000,0.4,5,6.2,5,85,113.67,5
65,8.4,173000,-0.9,3,3.9000000000000004,39,80,266.23,-2
46,9.4,1000,-0.5,5,5.7,83,65,123.3,1
63,7.300000000000001,32000,-0.1,5,5.4,20,25,208.39000000000001,1
29,6.5,105000,0.1,1,9.3,1,75,102.67,0
46,6.300000000000001,106000,-0.9,2,8.0,19,40,397.43,-4
43,0.6000000000000001,37000,0.0,5,4.0,82,5,139.12,-1
62,8.6,195000,0.4,3,4.3,61,15,276.47,-5
57,4.2,152000,-0.7000000000000001,1,6.9,29,75,344.74,-5
54,7.5,113000,-0.2,5,1.1,8,95,61.17,1
32,6.2,45000,-0.7000000000000001,1,7.6000000000000005,87,60,491.25,5
41,8.5,52000,0.0,2,1.0,24,85,50.660000000000004,-2
33,5.5,35000,-0.5,2,4.6000000000000005,35,40,375.95,3
23,0.6000000000000001,72000,-0.9,3,5.7,45,100,71.7,-3
43,0.9,175000,0.6000000000000001,3,1.2000000000000002,33,10,479.06,-4
53,7.800000000000001,52000,-1.0,4,7.5,88,20,239.45000000000002,-3
43,3.5,55000,0.4,5,6.800000000000001,61,100,419.5,1
32,1.6,29000,-0.2,1,7.5,83,60,116.77,2
55,3.9000000000000004,90000,0.2,5,2.0,65,25,88.94,1
41,5.1000000000000005,183000,-0.9,3,6.6000000000000005,77,45,62.72,1
24,4.3,150000,-0.6000000000000001,2,6.1000000000000005,85,85,62.870000000000005,-4
18,6.9,169000,-0.9,2,2.4000000000000004,98,35,291.92,5
15,8.4,73000,1.0,2,3.2,36,80,442.87,-4
54,1.7000000000000002,68000,-0.1,2,5.800000000000001,13,55,313.67,1
25,8.6,197000,0.0,2,6.5,21,65,149.44,-2
57,0.30000000000000004,199000,-0.2,3,7.7,55,100,113.55,-4
54,8.6,148000,1.0,4,0.0,24,60,484.3,-5
64,9.4,18000,-1.0,2,8.700000000000001,52,70,152.04,2
43,8.5,4000,0.9,2,6.7,87,90,260.26,-3
64,5.0,32000,0.2,4,3.6,51,55,228.82,5
15,7.7,134000,0.0,5,2.9000000000000004,39,15,263.34000000000003,3
39,6.1000000000000005,52000,0.30000000000000004,4,0.30000000000000004,62,45,497.19,5
27,6.4,21000,0.7000000000000001,1,4.2,64,60,448.34000000000003,-3
25,4.7,34000,0.1,1,5.2,62,5,366.63,4
55,9.1,180000,-0.7000000000000001,2,2.3000000000000003,15,70,175.44,0
22,3.3000000000000003,193000,-0.4,3,8.700000000000001,77,20,144.76,3
37,4.2,163000,-0.7000000000000001,5,8.5,76,25,217.16,-2
52,6.6000000000000005,28000,-0.2,5,9.600000000000001,3,40,207.19,-1
50,8.5,77000,-0.4,4,3.7,98,10,179.78,4
27,5.800000000000001,185000,0.1,5,5.9,16,45,87.17,-3
53,5.9,6000,0.2,1,9.1,55,20,237.07,-1
42,8.6,180000,-0.4,2,5.7,4,25,340.58,-5
49,2.7,4000,-1.0,4,3.7,74,80,211.95000000000002,0
22,5.300000000000001,160000,-0.1,2,1.7000000000000002,74,40,193.68,-3
42,1.7000000000000002,36000,-0.30000000000000004,5,0.6000000000000001,77,15,293.81,2
38,5.6000000000000005,10000,0.0,5,0.5,36,0,477.67,4
46,3.9000000000000004,194000,0.30000000000000004,4,8.8,29,70,171.3,1
52,0.2,143000,0.6000000000000001,4,1.5,26,90,371.78000000000003,2
56,2.6,78000,0.2,5,5.800000000000001,0,25,244.12,3
49,3.1,126000,0.4,3,2.9000000000000004,60,45,129.53,3
34,7.4,129000,-0.7000000000000001,2,3.0,72,75,388.31,-4
52,2.5,42000,-0.8,5,6.300000000000001,93,50,186.02,-1
24,6.2,0,0.1,2,4.0,32,0,170.45000000000002,-3
48,3.1,72000,-0.8,2,5.7,96,55,447.66,-3
25,5.7,146000,-0.30000000000000004,2,5.5,50,75,452.97,-2
28,2.1,7000,-0.8,4,4.800000000000001,17,55,369.36,-5
42,4.7,136000,0.9,3,4.2,81,15,216.73000000000002,2
50,9.600000000000001,76000,0.30000000000000004,1,3.7,53,45,473.65000000000003,-5
23,4.2,164000,0.2,3,2.6,74,70,457.06,-5
21,9.8,163000,-0.6000000000000001,5,5.2,5,50,101.34,-2
61,6.4,198000,0.5,4,2.3000000000000003,67,35,193.61,5
45,6.0,178000,-0.30000000000000004,4,7.1000000000000005,89,50,75.92,-3
60,8.200000000000001,48000,0.5,2,3.9000000000000004,46,45,207.76,-1
38,0.5,148000,-0.9,5,0.7000000000000001,78,0,86.72,2
62,6.1000000000000005,92000,-0.9,2,4.1000000000000005,34,70,304.91,-4
38,7.300000000000001,180000,1.0,3,0.5,57,100,111.33,3
38,10.0,188000,0.8,5,6.6000000000000005,28,15,275.03000000000003,-3
18,6.4,150000,0.1,3,2.9000000000000004,18,95,274.21,0
44,9.0,40000,0.9,4,4.1000000000000005,89,25,140.12,0
53,10.0,1000,-0.2,2,1.9000000000000001,91,5,421.57,-3
65,8.4,162000,-0.2,2,1.2000000000000002,41,10,481.34000000000003,2
34,8.0,126000,-0.7000000000000001,4,5.4,7,100,493.86,1
60,7.5,179000,-0.1,5,4.2,59,50,203.22,-2
42,1.0,43000,0.8,1,4.4,69,90,440.08,4
22,4.9,63000,-0.1,3,0.8,30,10,391.97,5
57,7.5,75000,1.0,2,8.8,55,0,108.38,0
18,8.3,200000,-1.0,1,7.4,70,25,116.04,-2
62,3.1,23000,0.30000000000000004,2,0.8,51,10,273.92,-2
21,0.0,71000,0.7000000000000001,2,4.9,1,85,222.56,1
55,5.7,65000,0.0,4,7.4,52,80,211.88,0
61,0.6000000000000001,26000,0.7000000000000001,4,2.7,76,15,200.37,2
18,4.5,168000,-0.7000000000000001,1,0.6000000000000001,74,60,350.71,4
24,3.4000000000000004,150000,-0.30000000000000004,1,4.2,46,15,264.86,2
65,8.6,1000,-0.6000000000000001,1,5.800000000000001,69,35,377.3,2
57,4.7,46000,-0.2,3,2.2,81,35,215.0,5
60,6.9,104000,0.30000000000000004,2,1.0,64,60,201.09,-3
54,9.3,5000,0.5,2,6.1000000000000005,73,25,228.07,2
61,3.0,28000,0.30000000000000004,2,6.4,73,70,176.04,-1
21,7.0,78000,0.8,2,7.0,52,5,124.44,-5
18,5.4,61000,-0.6000000000000001,1,5.5,28,30,180.61,5
25,5.9,66000,0.7000000000000001,4,3.9000000000000004,78,10,144.07,-3
23,9.1,6000,-0.9,2,3.8000000000000003,85,25,441.01,4
60,2.1,0,0.5,2,2.6,70,95,90.25,2
17,2.8000000000000003,63000,-0.9,5,9.700000000000001,87,25,375.95,3
61,2.6,109000,0.5,4,5.5,28,45,456.49,-4
29,9.0,68000,0.6000000000000001,5,6.6000000000000005,54,75,379.33,5
40,2.4000000000000004,103000,-0.30000000000000004,2,7.0,34,90,178.91,-3
45,2.1,189000,0.5,4,1.1,49,25,121.06,3
33,9.200000000000001,83000,0.5,2,1.7000000000000002,13,60,429.11,0
16,8.9,179000,-0.30000000000000004,3,5.0,72,85,425.39,-3
25,6.300000000000001,122000,-0.4,3,2.7,54,70,397.48,-5
24,0.5,104000,0.2,2,7.2,23,100,455.42,5
26,5.6000000000000005,29000,-0.6000000000000001,2,5.9,81,75,288.11,4
53,8.0,61000,0.7000000000000001,5,8.1,64,25,98.21000000000001,5
38,8.1,143000,-0.5,5,7.4,78,60,462.09000000000003,-1
52,3.7,29000,-0.5,1,2.7,65,15,201.9,-5
17,8.5,27000,-1.0,2,8.3,8,100,437.82,3
62,1.9000000000000001,129000,1.0,2,3.4000000000000004,5,70,146.23,1
46,6.1000000000000005,83000,0.30000000000000004,1,5.7,5,30,339.46,-3
28,4.6000000000000005,175000,-0.5,1,2.7,55,80,108.37,-2
44,7.4,47000,0.5,3,9.600000000000001,80,5,112.04,-4
46,9.5,50000,0.7000000000000001,5,2.9000000000000004,86,85,423.02,-5
63,9.8,161000,0.30000000000000004,3,8.700000000000001,25,85,356.7,4
36,3.1,4000,0.9,5,8.6,7,25,255.47,3
60,0.7000000000000001,197000,1.0,1,2.5,47,80,186.87,4
63,0.9,73000,1.0,2,4.9,18,5,227.17000000000002,3
33,5.2,36000,-0.30000000000000004,3,3.5,70,70,313.72,4
43,0.9,180000,1.0,1,4.2,57,75,368.25,-1
60,5.2,120000,-1.0,4,9.8,30,55,402.97,-4
64,9.700000000000001,109000,-0.4,5,2.4000000000000004,29,30,237.02,2
22,3.9000000000000004,17000,0.8,1,3.1,96,35,374.2,3
52,7.1000000000000005,33000,-0.1,4,2.1,86,50,477.14,-4
23,5.2,16000,0.1,3,5.300000000000001,67,90,145.28,-2
26,5.2,155000,0.9,3,9.4,61,95,159.56,-3
64,0.8,95000,0.7000000000000001,2,9.4,4,65,348.33,2
58,7.2,12000,-0.7000000000000001,3,6.0,67,10,103.18,0
30,5.0,68000,-0.7000000000000001,5,9.9,70,65,308.15000000000003,0
44,5.800000000000001,76000,1.0,1,6.7,34,60,336.08,0
19,2.8000000000000003,94000,0.0,1,1.3,53,50,311.13,3
55,3.4000000000000004,84000,0.6000000000000001,3,6.5,78,75,382.46000000000004,-2
40,0.8,78000,-0.2,4,4.3,94,100,89.87,-2
32,2.5,81000,1.0,3,8.5,98,5,415.26,-4
23,2.5,164000,-0.7000000000000001,1,2.9000000000000004,84,100,60.65,0
59,8.0,115000,-0.1,2,6.5,58,15,182.43,-4
26,1.0,99000,0.1,2,5.800000000000001,54,5,279.68,-1
51,8.0,58000,-0.9,5,8.4,34,10,331.44,4
16,4.3,167000,-0.2,5,0.7000000000000001,5,0,346.38,3
60,3.5,110000,0.7000000000000001,3,3.9000000000000004,71,85,495.02000000000004,-2
43,1.8,155000,0.1,2,7.7,83,75,359.45,-3
55,8.3,155000,-0.9,2,6.9,36,0,426.49,-3
54,9.600000000000001,129000,-0.5,1,6.7,53,80,191.88,3
21,0.0,91000,-0.5,1,0.4,89,70,52.47,5
50,5.1000000000000005,118000,-0.8,1,7.0,63,70,371.71,-3
26,2.4000000000000004,6000,-0.6000000000000001,3,5.6000000000000005,4,75,144.82,-3
65,9.9,137000,0.4,5,6.5,97,40,396.68,5
54,4.9,117000,0.9,4,1.1,92,5,473.99,1
41,2.7,1000,0.8,5,1.2000000000000002,18,55,69.54,1
37,7.2,111000,-0.8,3,7.1000000000000005,54,60,225.3,-2
37,9.1,105000,0.8,2,5.0,87,95,413.44,-4
42,5.7,101000,-0.2,2,3.8000000000000003,27,55,374.08,-4
50,2.6,84000,-0.2,5,0.8,4,75,491.63,-3
41,8.5,75000,0.4,5,9.600000000000001,24,75,236.37,-3
17,8.3,152000,-0.9,1,1.2000000000000002,2,90,411.05,2
34,0.2,175000,0.30000000000000004,4,6.5,44,20,426.73,5
33,9.9,177000,0.30000000000000004,3,6.2,26,85,144.58,-3
65,5.4,141000,-0.7000000000000001,3,7.7,19,0,367.51,-3
35,1.3,61000,-0.8,1,4.6000000000000005,67,75,230.75,5
59,1.2000000000000002,169000,-0.1,3,3.8000000000000003,96,90,268.52,4
52,6.5,36000,0.1,1,0.5,30,75,472.42,-4
54,9.3,35000,-0.2,2,5.4,78,90,83.84,3
16,3.9000000000000004,162000,-0.9,2,2.4000000000000004,84,80,435.09000000000003,-5
44,2.4000000000000004,186000,0.4,4,7.800000000000001,44,95,270.5,0
49,3.5,46000,0.6000000000000001,1,3.1,54,60,196.96,-5
48,1.3,172000,0.6000000000000001,5,1.3,42,20,459.59000000000003,-1
19,7.4,138000,0.1,5,8.9,68,55,243.1,5
50,5.300000000000001,43000,-0.4,4,5.6000000000000005,76,65,54.480000000000004,-5
38,2.7,117000,0.30000000000000004,3,2.2,24,60,416.7,4
20,8.9,188000,0.1,1,9.700000000000001,91,40,330.87,-5
62,4.2,116000,0.2,5,4.4,68,60,99.46000000000001,5
43,4.9,193000,1.0,2,6.4,16,10,405.78000000000003,2
64,5.1000000000000005,12000,-0.9,2,1.9000000000000001,50,40,403.94,1
51,2.7,75000,0.2,2,7.9,38,95,484.42,5
16,0.1,97000,0.2,4,6.800000000000001,63,0,491.07,-4
40,0.0,88000,-0.4,3,1.0,85,35,119.26,2
20,7.7,183000,-0.9,4,0.2,73,90,299.26,4
44,7.5,38000,0.1,2,7.0,39,65,330.09000000000003,5
35,7.4,125000,0.5,3,4.0,63,5,357.27,0
51,9.1,165000,0.9,2,6.5,58,0,380.21,3
62,1.2000000000000002,89000,-0.2,4,6.6000000000000005,76,60,217.97,-5
47,4.3,176000,-0.30000000000000004,4,8.4,57,55,135.46,-2
62,7.800000000000001,186000,0.30000000000000004,1,3.6,0,0,464.06,-2
58,1.9000000000000001,186000,-0.4,3,2.5,82,90,55.81,2
35,0.30000000000000004,5000,0.30000000000000004,1,5.6000000000000005,44,45,220.38,5
15,3.4000000000000004,66000,0.30000000000000004,1,6.5,67,85,223.3,0
31,8.3,88000,0.30000000000000004,5,4.3,37,65,328.28000000000003,5
32,5.800000000000001,60000,0.4,1,4.7,26,15,204.70000000000002,0
57,2.7,1000,-0.9,5,7.5,22,45,128.97,-3
49,2.7,88000,-0.2,5,3.0,38,45,96.86,-2
20,3.8000000000000003,148000,-0.4,4,4.4,94,10,85.87,-2
30,0.2,43000,-0.7000000000000001,5,2.2,82,15,264.91,-1
15,1.5,108000,-1.0,4,0.1,36,75,342.99,-5
63,2.9000000000000004,174000,0.7000000000000001,1,5.800000000000001,30,90,416.6,-1
48,4.1000000000000005,38000,-0.2,4,7.1000000000000005,58,40,258.33,4
58,9.3,173000,-0.9,5,7.0,90,20,433.17,-1
59,6.800000000000001,70000,-0.7000000000000001,1,5.6000000000000005,27,15,283.15000000000003,3
42,4.2,8000,-0.5,5,7.2,90,70,176.61,-2
36,3.6,190000,0.0,3,1.8,81,95,256.34000000000003,0
41,0.30000000000000004,30000,0.5,5,1.6,39,30,472.36,-3
65,9.4,182000,0.7000000000000001,2,0.9,31,80,88.42,1
48,0.30000000000000004,183000,-0.8,2,1.5,14,0,355.19,5
31,7.9,77000,1.0,1,1.3,36,35,368.02,2
46,9.1,77000,-0.6000000000000001,3,3.1,66,55,221.89000000000001,4
50,6.800000000000001,9000,-0.6000000000000001,3,0.30000000000000004,15,0,205.8,-4
62,4.800000000000001,110000,-0.4,4,3.3000000000000003,64,70,353.90000000000003,-5
55,7.9,91000,0.2,1,7.7,61,100,74.41,-1
15,9.600000000000001,59000,0.30000000000000004,2,4.5,95,5,239.70000000000002,-2
46,5.5,127000,-1.0,3,5.7,75,20,59.22,-3
26,5.6000000000000005,73000,0.6000000000000001,4,1.2000000000000002,40,75,153.46,-4
62,7.4,188000,-0.5,3,6.9,28,55,473.6,3
42,9.700000000000001,56000,-0.30000000000000004,3,5.6000000000000005,53,10,201.48000000000002,-1
26,4.2,138000,-0.30000000000000004,5,8.8,52,100,199.46,-1
39,9.3,80000,0.7000000000000001,5,4.5,98,60,414.05,-3
43,0.5,110000,0.0,1,6.1000000000000005,81,10,466.86,-1
45,7.9,59000,-0.4,2,5.4,69,25,280.27,5
26,9.600000000000001,45000,-0.30000000000000004,1,3.4000000000000004,94,30,451.56,0
49,3.6,198000,0.9,2,7.4,71,45,210.78,-5
19,3.3000000000000003,69000,-1.0,1,0.1,43,0,311.12,-2
30,1.4000000000000001,110000,-0.7000000000000001,3,1.3,87,50,190.22,-2
39,2.1,162000,0.8,3,6.0,16,60,363.02,-1
55,6.5,93000,-0.8,1,0.2,69,50,468.90000000000003,-2
52,0.2,9000,0.6000000000000001,1,6.300000000000001,79,30,94.41,3
52,3.4000000000000004,30000,0.7000000000000001,1,0.4,89,35,140.29,-1
29,3.6,83000,0.7000000000000001,1,6.7,86,85,141.14000000000001,-3
25,4.7,38000,0.4,1,9.8,83,25,81.93,3
19,1.3,58000,0.6000000000000001,1,6.7,45,70,419.90000000000003,1
32,4.5,146000,-0.30000000000000004,3,9.0,28,85,83.64,1
36,5.6000000000000005,85000,-0.4,4,0.5,3,30,235.22,0
43,4.800000000000001,187000,0.6000000000000001,4,2.8000000000000003,96,70,97.24000000000001,-2
58,5.2,127000,0.8,2,4.3,78,25,118.12,2
33,3.8000000000000003,171000,0.5,3,3.7,11,25,94.68,-2
27,7.6000000000000005,34000,-0.30000000000000004,3,1.7000000000000002,34,0,151.19,4
48,6.4,25000,0.4,1,0.5,42,60,232.37,-2
17,2.1,129000,-0.5,4,2.4000000000000004,97,65,476.14,-2
63,0.9,108000,-0.7000000000000001,5,8.8,57,90,111.19,-3
36,2.0,192000,-0.30000000000000004,1,8.8,4,85,385.2,3
35,3.9000000000000004,128000,-0.2,3,9.0,35,100,441.92,2
50,9.600000000000001,92000,0.1,1,9.700000000000001,9,55,146.37,-4
60,3.0,96000,-0.8,1,0.30000000000000004,90,30,121.66,5
34,9.600000000000001,11000,1.0,2,8.3,84,20,494.18,0
57,9.8,195000,0.30000000000000004,1,8.8,53,50,322.58,-1
61,7.0,163000,-0.8,2,2.4000000000000004,89,60,193.85,-3
54,3.7,69000,0.4,1,5.5,71,75,58.14,-2
26,5.9,160000,-0.30000000000000004,5,6.4,72,45,311.8,1
15,3.8000000000000003,102000,0.9,5,0.5,61,65,217.93,2
22,5.0,137000,0.4,3,8.200000000000001,13,65,87.4,0
60,1.5,188000,-0.6000000000000001,2,4.2,18,65,140.02,-5
21,2.9000000000000004,182000,0.30000000000000004,1,0.5,16,15,163.77,1
49,5.300000000000001,42000,-0.5,4,5.9,43,60,186.24,5
23,7.0,101000,0.6000000000000001,1,7.7,85,80,198.22,2
65,4.7,27000,-0.7000000000000001,5,1.0,44,5,402.55,3
48,4.6000000000000005,53000,-0.30000000000000004,5,3.4000000000000004,35,35,244.49,-3
61,0.4,128000,0.7000000000000001,1,0.1,81,70,294.26,1
36,8.6,141000,0.1,3,2.1,32,60,388.18,-5
48,3.5,147000,-0.5,5,8.8,53,75,279.99,0
63,0.8,184000,0.9,2,5.0,16,60,412.87,-1
21,9.4,133000,0.7000000000000001,4,7.800000000000001,48,15,70.99,3
54,1.8,93000,-0.5,3,4.4,26,90,92.25,4
63,7.4,140000,-0.7000000000000001,2,4.0,55,40,299.29,-1
36,7.0,93000,0.6000000000000001,1,0.30000000000000004,87,10,382.93,-1
18,1.4000000000000001,93000,0.30000000000000004,4,3.0,91,45,464.85,1
21,7.300000000000001,79000,0.0,4,9.5,52,80,445.34000000000003,0
27,9.600000000000001,83000,0.1,1,5.800000000000001,43,25,304.81,-5
22,8.4,138000,0.0,2,3.0,0,95,58.0,5
27,2.6,183000,0.1,2,9.0,28,50,493.55,-2
37,7.5,10000,-0.30000000000000004,4,9.3,73,55,170.04,-5
33,2.2,11000,-0.6000000000000001,2,6.9,27,80,324.93,-1
30,5.2,173000,-0.1,2,2.8000000000000003,92,55,416.33,-3
61,5.300000000000001,50000,0.5,1,7.2,41,95,121.07000000000001,5
22,1.0,6000,-0.4,4,1.2000000000000002,47,30,239.51,4
40,7.7,104000,-1.0,3,6.9,41,55,295.7,2
26,0.2,13000,0.8,2,8.700000000000001,80,70,99.45,2
28,0.0,152000,-0.9,1,4.800000000000001,71,10,100.10000000000001,-3
21,7.9,115000,0.8,2,0.6000000000000001,100,70,57.34,3
44,7.300000000000001,44000,0.5,5,6.1000000000000005,2,100,397.79,-3
23,8.8,55000,-1.0,3,6.300000000000001,18,35,93.66,5
55,1.9000000000000001,110000,0.9,3,4.5,35,15,112.63,5
63,7.300000000000001,111000,-0.6000000000000001,5,1.5,99,80,458.11,5
50,0.30000000000000004,47000,0.5,2,2.2,57,95,56.300000000000004,5
46,5.2,11000,-0.8,5,5.2,10,25,54.96,4
32,4.0,11000,0.6000000000000001,5,5.9,92,60,206.70000000000002,4
27,6.2,154000,1.0,1,9.200000000000001,93,35,414.87,0
35,2.4000000000000004,5000,-0.5,3,1.2000000000000002,73,55,235.73000000000002,-5
41,1.3,194000,-0.2,1,8.8,2,15,216.06,3
34,8.9,134000,-1.0,1,8.1,64,75,214.83,3
45,2.4000000000000004,133000,-0.8,1,0.8,15,5,325.88,-1
49,3.4000000000000004,17000,0.0,2,8.3,14,10,50.25,-3
56,8.3,155000,-1.0,5,3.2,27,5,351.88,5
42,3.6,91000,0.0,4,5.300000000000001,45,95,112.38,-2
43,4.2,59000,-0.6000000000000001,1,5.6000000000000005,35,5,281.97,5
51,1.1,192000,-0.4,3,4.4,38,60,375.81,-2
53,2.2,71000,-0.9,4,1.6,23,75,171.4,-4
61,2.1,200000,1.0,1,0.9,51,95,225.31,3
51,3.0,42000,0.2,4,0.6000000000000001,2,40,298.42,-2
54,1.4000000000000001,113000,-0.30000000000000004,2,7.6000000000000005,19,30,54.19,1
28,7.9,77000,-0.6000000000000001,4,6.800000000000001,44,70,156.38,2
42,0.30000000000000004,187000,0.1,1,7.0,64,15,266.61,-4
39,5.9,198000,-0.2,3,3.4000000000000004,60,90,326.58,4
27,3.2,141000,-0.9,4,6.6000000000000005,5,80,124.03,-2
58,3.9000000000000004,76000,0.7000000000000001,5,0.7000000000000001,37,100,379.74,3
32,4.4,189000,-0.4,1,2.4000000000000004,48,40,124.69,1
61,0.4,7000,0.0,5,9.700000000000001,51,25,50.52,3
32,2.0,64000,-0.1,2,3.8000000000000003,43,60,187.68,0
40,2.0,16000,-0.7000000000000001,2,5.6000000000000005,13,70,74.79,5
62,0.7000000000000001,59000,-0.1,3,5.300000000000001,24,5,158.11,-2
31,1.1,71000,0.5,3,7.9,71,85,272.19,-1
40,2.9000000000000004,150000,0.4,3,6.9,92,100,375.61,-3
18,2.7,109000,0.4,2,6.7,21,60,223.88,5
15,4.7,39000,0.6000000000000001,2,5.5,6,45,438.28000000000003,-3
34,8.200000000000001,192000,0.2,3,4.6000000000000005,60,85,91.78,0
22,3.8000000000000003,81000,0.7000000000000001,1,3.0,55,25,84.39,0
61,8.9,14000,0.9,5,8.6,93,30,413.49,5
50,3.0,3000,0.0,5,7.6000000000000005,12,40,234.97,4
23,9.1,54000,0.4,4,3.2,19,95,125.66,-5
63,1.6,100000,0.6000000000000001,1,0.9,78,15,428.40000000000003,-5
15,3.7,30000,0.8,4,5.6000000000000005,44,10,340.21,3
44,1.6,82000,0.30000000000000004,5,4.7,51,0,277.17,-1
51,0.30000000000000004,193000,-0.5,4,0.1,67,80,424.98,4
64,0.7000000000000001,166000,0.1,4,4.3,9,65,356.54,-5
23,1.3,69000,0.7000000000000001,4,7.7,9,10,276.86,-1
32,1.9000000000000001,31000,-0.6000000000000001,5,5.2,26,90,416.71000000000004,-2
47,4.5,72000,0.9,5,3.3000000000000003,5,0,82.37,-2
63,5.0,49000,0.5,2,0.7000000000000001,55,75,354.92,3
20,4.5,63000,1.0,5,8.200000000000001,88,60,75.42,1
21,4.6000000000000005,147000,-0.5,5,9.600000000000001,20,100,197.6,1
25,9.9,169000,-1.0,4,3.8000000000000003,3,40,222.53,4
65,3.0,116000,0.2,3,3.8000000000000003,72,15,68.72,-4
31,8.5,157000,0.8,1,3.8000000000000003,67,80,343.46,-2
36,8.9,96000,-0.30000000000000004,1,7.5,1,10,314.35,3
51,1.8,49000,1.0,5,2.2,5,5,208.25,-1
48,7.0,29000,0.6000000000000001,1,2.6,12,15,281.49,-2
28,8.9,112000,0.8,1,8.6,84,45,483.76,1
18,8.5,187000,0.2,5,5.9,49,40,427.98,5
24,8.8,19000,0.9,2,8.200000000000001,59,65,308.22,-3
41,6.300000000000001,9000,-0.30000000000000004,1,9.9,32,30,240.01,-5
56,5.2,118000,-0.4,1,8.3,88,25,348.27,4
26,3.4000000000000004,148000,0.30000000000000004,1,4.3,51,90,101.66,-4
45,6.9,95000,-0.5,4,0.0,14,70,193.94,-1
63,2.7,12000,-0.4,2,2.0,41,75,246.11,1
57,5.0,122000,-0.7000000000000001,2,6.1000000000000005,54,55,103.86,4
65,3.3000000000000003,116000,-0.4,3,0.8,25,70,81.62,-2
37,0.8,111000,-0.4,5,1.6,34,55,379.04,-1
39,2.4000000000000004,50000,-0.1,1,1.7000000000000002,93,85,227.36,4
45,3.3000000000000003,32000,0.7000000000000001,2,0.0,36,20,217.84,-4
52,8.5,82000,0.5,2,4.5,76,25,478.46000000000004,0
46,9.700000000000001,161000,-0.30000000000000004,2,3.7,13,0,191.07,3
59,1.9000000000000001,186000,0.5,5,9.0,95,15,158.32,4
16,8.700000000000001,72000,-0.5,2,0.5,59,10,303.99,4
39,9.8,2000,0.8,2,3.4000000000000004,67,10,385.53000000000003,-1
56,4.3,132000,-0.2,5,7.4,61,95,239.58,1
46,7.1000000000000005,82000,-0.7000000000000001,5,0.6000000000000001,86,0,347.36,-3
48,0.0,194000,-0.4,3,4.3,72,80,117.79,3
53,2.3000000000000003,198000,-0.5,5,9.4,44,40,408.97,-2
43,5.1000000000000005,119000,-1.0,2,6.5,85,100,249.35,-3
16,5.4,9000,0.1,3,1.1,51,15,408.51,-2
64,9.5,71000,0.0,2,9.3,41,60,286.94,-2
37,3.1,9000,-0.5,2,8.3,76,100,336.99,0
44,9.5,157000,-0.8,5,3.4000000000000004,55,5,257.38,5
41,5.5,41000,-0.4,1,8.200000000000001,73,60,103.91,0
55,3.5,8000,0.1,2,1.0,47,80,228.59,1
65,6.800000000000001,155000,-0.2,3,7.2,67,45,319.02,0
32,6.2,191000,-0.7000000000000001,5,2.6,56,10,446.52,-1
47,2.0,106000,0.0,5,1.9000000000000001,37,100,432.23,3
59,0.9,192000,0.4,5,8.4,64,10,368.03000000000003,-3
61,0.0,21000,-0.9,3,7.1000000000000005,80,90,366.81,2
55,7.6000000000000005,188000,1.0,4,6.800000000000001,87,60,92.23,1
25,6.300000000000001,150000,0.4,4,4.6000000000000005,86,90,425.64,-1
48,1.3,125000,0.0,4,8.5,55,95,312.06,5
50,3.5,177000,-0.5,4,9.3,27,90,428.66,2
41,7.0,123000,0.1,5,4.1000000000000005,71,30,435.56,-3
56,4.5,34000,0.7000000000000001,1,4.4,48,85,97.31,-4
31,0.6000000000000001,107000,0.5,2,9.600000000000001,19,50,377.13,5
46,6.4,110000,-0.9,2,8.1,4,85,241.62,-4
56,0.5,43000,0.9,3,6.2,43,30,167.54,1
61,6.4,132000,0.0,1,7.2,52,10,460.17,-4
54,8.6,148000,0.0,2,4.0,2,55,249.62,4
43,7.1000000000000005,194000,0.1,4,3.6,45,50,263.0,4
60,4.1000000000000005,11000,-0.8,2,10.0,73,0,119.8,5
42,5.4,177000,-0.5,2,9.1,3,75,325.46,-2
16,4.6000000000000005,177000,-0.2,4,5.4,62,25,172.54,-3
37,2.6,183000,0.0,5,3.7,69,20,478.6,-1
21,9.200000000000001,121000,-0.7000000000000001,5,7.7,27,25,160.04,-3
52,4.0,1000,0.1,4,5.0,53,60,178.76,-3
48,8.9,187000,-0.2,3,10.0,91,20,203.21,0
44,3.2,29000,-0.7000000000000001,3,2.7,86,65,119.9,-2
26,2.3000000000000003,43000,0.5,3,0.9,0,35,452.90000000000003,-1
48,2.6,17000,-0.7000000000000001,3,0.7000000000000001,100,55,413.40000000000003,1
22,0.7000000000000001,130000,-0.6000000000000001,1,1.4000000000000001,30,65,268.85,4
33,0.4,138000,-0.6000000000000001,4,7.4,27,20,199.56,-4
43,0.7000000000000001,192000,-0.30000000000000004,5,4.1000000000000005,18,75,402.48,1
28,9.700000000000001,64000,-0.9,4,2.9000000000000004,61,60,401.94,-3
55,2.5,168000,0.5,4,4.0,75,90,58.82,4
16,1.8,106000,0.4,1,4.1000000000000005,35,50,51.38,4
19,8.1,99000,-0.6000000000000001,5,5.9,10,30,461.40000000000003,-5
40,2.8000000000000003,68000,-0.7000000000000001,4,3.6,5,80,188.81,4
20,7.9,14000,0.2,3,6.0,44,55,131.74,5
31,3.0,132000,-0.5,4,5.7,100,0,107.97,0
27,9.0,6000,0.7000000000000001,1,3.0,87,35,52.19,4
44,9.3,43000,0.0,1,4.4,37,95,126.08,-4
48,8.0,33000,-1.0,1,9.9,67,85,452.55,-4
26,8.9,170000,0.0,2,7.800000000000001,60,45,233.51,1
28,1.6,24000,0.2,5,6.9,47,20,69.14,-5
47,2.8000000000000003,173000,0.0,4,2.4000000000000004,54,45,125.46000000000001,-2
58,9.9,116000,-0.7000000000000001,1,8.1,43,15,485.74,5
18,5.9,105000,-0.9,4,0.4,17,65,66.38,-3
21,3.0,125000,0.7000000000000001,1,6.5,79,75,74.05,5
42,1.5,134000,-0.5,4,6.1000000000000005,21,30,393.33,-3
52,6.5,124000,-1.0,1,5.5,19,20,447.14,1
61,0.7000000000000001,65000,-1.0,5,8.1,90,35,240.39000000000001,5
53,0.30000000000000004,136000,0.5,1,8.4,71,0,280.04,0
64,6.9,89000,-0.8,5,6.800000000000001,36,30,204.17000000000002,1
28,8.1,0,0.0,4,6.0,36,20,485.11,-1
48,7.4,3000,-0.4,1,3.4000000000000004,43,95,309.98,0
47,2.9000000000000004,170000,0.2,1,1.6,17,85,164.35,-5
42,9.0,95000,-0.2,4,4.6000000000000005,7,85,475.13,-5
40,4.4,119000,-0.6000000000000001,4,6.4,9,10,343.18,-1
52,6.800000000000001,76000,-0.2,4,4.2,79,35,184.83,2
22,8.4,139000,-0.8,2,2.8000000000000003,67,90,395.86,3
31,10.0,124000,-0.1,4,8.200000000000001,59,65,397.85,-1
15,4.1000000000000005,15000,0.1,4,6.6000000000000005,60,95,360.90000000000003,5
18,7.800000000000001,166000,0.7000000000000001,4,10.0,49,30,151.56,-4
35,3.4000000000000004,119000,0.0,2,2.9000000000000004,17,65,172.07,-2
60,8.6,94000,-0.4,3,4.5,56,20,208.5,0
62,4.9,7000,0.1,5,4.3,56,10,263.59000000000003,0
63,1.6,34000,-1.0,3,3.0,82,15,349.34000000000003,2
48,7.300000000000001,178000,0.8,2,0.6000000000000001,74,30,280.79,0
46,9.3,43000,0.7000000000000001,2,5.4,20,10,264.13,2
61,3.2,189000,-0.8,5,6.7,56,100,187.01,4
46,2.3000000000000003,102000,-0.7000000000000001,2,8.200000000000001,65,70,55.61,-1
25,9.600000000000001,151000,0.9,1,4.9,1,100,496.13,-1
28,2.9000000000000004,64000,0.4,4,8.0,44,95,326.6,2
21,9.200000000000001,40000,-0.6000000000000001,5,5.1000000000000005,21,35,404.19,-4
46,7.300000000000001,51000,-0.1,2,2.3000000000000003,19,55,301.33,0
48,5.7,87000,1.0,5,8.1,0,60,480.40000000000003,-3
21,8.700000000000001,66000,-0.2,4,7.300000000000001,74,85,391.69,-4
45,6.300000000000001,181000,-0.8,1,7.4,15,15,380.97,5
27,6.2,196000,-0.4,2,1.8,85,25,317.33,1
15,2.1,94000,0.30000000000000004,2,3.1,42,5,393.2,-1
24,7.4,152000,0.6000000000000001,5,0.5,62,75,376.57,4
63,9.700000000000001,152000,0.0,2,6.2,1,50,102.11,-4
27,3.5,44000,0.30000000000000004,4,7.0,18,65,385.91,4
57,7.9,116000,0.6000000000000001,3,6.9,32,5,266.14,-4
22,2.0,67000,-0.7000000000000001,3,2.7,30,75,235.31,-5
20,4.3,199000,0.9,2,3.9000000000000004,83,70,75.46000000000001,-5
43,9.200000000000001,72000,-0.4,3,1.4000000000000001,62,5,287.3,-2
35,3.4000000000000004,94000,0.9,5,1.0,73,90,272.93,1
27,6.2,192000,-0.1,1,3.5,36,45,133.45,1
25,4.0,62000,1.0,2,6.5,34,65,156.53,2
55,6.4,40000,-0.7000000000000001,1,5.300000000000001,6,35,494.46000000000004,5
54,0.4,167000,-0.30000000000000004,1,1.2000000000000002,76,70,323.56,1
40,1.7000000000000002,1000,-0.7000000000000001,5,6.4,92,65,230.03,0
48,5.800000000000001,83000,0.0,3,4.7,73,70,390.76,-1
33,1.1,195000,0.1,1,1.3,16,95,265.19,-3
41,7.5,25000,-0.2,3,3.9000000000000004,45,45,441.04,-3
49,7.7,2000,-1.0,4,2.8000000000000003,37,35,71.69,-5
42,7.300000000000001,23000,-1.0,2,0.7000000000000001,74,35,207.69,4
27,5.5,87000,0.30000000000000004,4,6.2,64,60,187.37,1
28,6.6000000000000005,167000,0.7000000000000001,1,1.6,32,35,428.16,5
20,9.3,10000,0.2,4,3.6,0,20,220.88,-1
33,5.7,165000,-0.8,1,6.9,90,5,140.95000000000002,5
19,6.800000000000001,32000,0.1,2,1.9000000000000001,59,35,285.05,5
45,9.8,170000,0.4,1,8.1,15,10,107.81,-5
54,7.800000000000001,96000,0.2,1,4.3,81,95,440.76,5
20,9.0,151000,0.0,5,4.3,65,85,213.97,5
53,7.2,153000,-0.1,3,1.0,0,20,56.94,-5
21,2.1,89000,-0.1,1,3.8000000000000003,36,75,245.68,4
58,0.7000000000000001,16000,-0.9,2,2.6,15,15,257.72,1
28,3.5,17000,-0.2,2,1.2000000000000002,54,55,151.06,3
43,5.800000000000001,142000,0.30000000000000004,1,8.5,95,70,421.35,5
27,0.8,149000,0.1,4,7.1000000000000005,48,5,279.5,4
34,6.1000000000000005,158000,-1.0,2,2.0,78,5,487.23,3
45,6.9,65000,-0.30000000000000004,1,0.2,2,80,438.65000000000003,5
56,8.6,128000,-1.0,2,4.2,83,40,335.1,-4
65,0.5,78000,-0.4,2,3.0,58,60,440.38,4
19,6.0,194000,-0.1,3,0.2,26,0,335.27,-2
21,2.9000000000000004,199000,-0.5,3,7.300000000000001,38,35,374.83,3
56,7.5,94000,0.30000000000000004,4,9.4,31,35,334.34000000000003,5
31,6.6000000000000005,9000,0.5,3,0.0,98,65,455.89,4
58,8.5,196000,0.6000000000000001,1,4.2,25,5,163.68,2
54,9.4,121000,-0.8,4,2.8000000000000003,65,20,480.18,-5
20,9.0,112000,1.0,1,4.4,68,95,244.26,-5
50,8.700000000000001,176000,-0.7000000000000001,5,4.1000000000000005,47,20,493.66,5
44,4.9,112000,-0.1,3,7.300000000000001,46,95,492.68,-3
64,1.5,138000,-0.4,5,2.4000000000000004,20,60,378.76,2
19,4.1000000000000005,40000,-0.1,4,5.4,20,30,486.85,-5
17,3.4000000000000004,62000,-0.8,3,0.1,26,70,288.51,4
15,0.7000000000000001,46000,0.30000000000000004,5,1.5,24,40,340.18,-4
60,0.6000000000000001,188000,-0.1,1,9.3,32,25,480.53000000000003,-4
21,5.9,9000,-0.7000000000000001,4,5.4,89,80,230.13,-1
56,5.2,160000,0.8,1,5.9,46,40,335.07,-3
27,6.800000000000001,99000,-0.30000000000000004,1,0.7000000000000001,44,90,110.66,4
54,3.7,65000,0.6000000000000001,3,8.0,4,50,325.68,-5
63,0.0,166000,0.1,3,1.5,38,65,60.89,2
41,8.9,7000,1.0,5,1.0,62,60,249.64000000000001,-1
37,9.600000000000001,154000,0.30000000000000004,4,0.1,44,60,447.88,-4
32,7.5,165000,0.4,3,5.6000000000000005,49,40,210.98000000000002,-3
42,0.5,160000,-0.2,3,7.6000000000000005,59,30,326.18,4
55,8.9,68000,0.8,5,4.2,30,5,440.47,1
65,1.5,97000,-0.9,5,3.7,56,50,408.01,4
53,6.300000000000001,93000,0.2,5,9.5,25,90,349.98,-2
34,4.7,144000,-0.2,5,3.4000000000000004,56,60,298.55,0
28,2.9000000000000004,138000,0.0,3,6.9,1,30,430.11,4
52,6.4,69000,0.30000000000000004,3,7.7,67,40,421.33,-5
52,9.0,157000,0.8,2,3.8000000000000003,5,5,338.33,-4
32,1.6,20000,0.8,3,3.6,10,100,166.5,-5
59,3.6,171000,-0.9,4,3.7,77,30,109.7,3
58,8.1,176000,0.0,5,1.7000000000000002,26,40,123.12,1
26,9.0,190000,0.7000000000000001,5,3.0,93,25,264.2,0
62,8.0,52000,-0.4,3,6.9,69,55,323.5,1
20,1.4000000000000001,121000,-0.4,1,7.6000000000000005,56,30,427.75,-1
30,2.2,107000,-0.2,2,6.1000000000000005,44,95,410.73,4
61,5.2,193000,0.7000000000000001,3,2.2,90,40,425.82,-5
28,7.9,17000,0.5,2,4.6000000000000005,28,60,52.39,-4
25,9.8,43000,0.4,5,10.0,44,65,297.2,5
38,8.3,176000,0.2,5,0.0,15,65,375.38,-1
63,5.4,9000,-0.2,1,8.5,85,65,52.78,4
64,7.5,11000,-0.6000000000000001,2,7.6000000000000005,72,15,487.67,5
15,6.5,177000,0.5,1,4.5,99,0,182.6,3
63,2.3000000000000003,164000,1.0,1,7.4,14,70,388.11,4
43,3.6,126000,1.0,2,8.9,81,15,425.67,-5
31,3.2,102000,-0.1,4,1.7000000000000002,5,90,169.27,-2
25,9.200000000000001,195000,-0.4,2,9.9,58,80,289.47,-3
45,7.4,185000,0.0,5,4.3,32,85,390.64,4
30,4.9,186000,-0.8,4,8.1,42,75,106.74000000000001,-2
61,4.1000000000000005,172000,0.9,2,7.2,73,10,217.75,-4
34,9.200000000000001,160000,0.5,2,4.1000000000000005,59,100,174.98,-2
31,8.200000000000001,30000,-0.30000000000000004,2,4.0,15,30,85.93,5
61,2.7,73000,0.6000000000000001,5,0.7000000000000001,35,0,273.36,2
15,6.6000000000000005,53000,0.5,5,9.1,54,35,480.43,3
15,6.0,27000,-0.9,5,3.6,30,30,94.65,3
44,8.4,109000,-0.6000000000000001,5,8.200000000000001,72,65,304.74,-1
59,9.600000000000001,13000,-0.6000000000000001,3,6.0,55,35,393.47,0
41,3.6,141000,-0.6000000000000001,1,3.6,51,30,380.24,-1
64,4.2,105000,0.8,3,1.2000000000000002,2,65,452.83,-1
38,8.700000000000001,160000,-0.9,2,9.600000000000001,33,30,454.59000000000003,2
63,9.600000000000001,13000,-0.9,3,4.2,97,15,275.11,2
52,5.0,33000,-0.2,5,5.1000000000000005,34,80,101.22,0
45,7.6000000000000005,62000,-0.30000000000000004,1,9.600000000000001,35,10,289.78000000000003,2
28,4.2,168000,0.0,5,5.4,76,30,162.25,-2
44,10.0,188000,0.1,4,2.6,43,55,172.27,5
37,6.300000000000001,60000,1.0,4,9.600000000000001,46,45,402.88,1
35,1.7000000000000002,192000,0.30000000000000004,1,2.7,61,15,350.25,5
32,1.1,109000,0.5,5,5.9,46,70,160.18,4
39,6.2,174000,-0.2,4,5.1000000000000005,76,50,149.63,-4
53,7.9,97000,-1.0,4,2.1,8,50,138.64000000000001,-3
19,4.7,157000,0.2,2,2.3000000000000003,85,90,123.67,-2
57,6.6000000000000005,124000,0.30000000000000004,2,9.5,99,80,64.11,-5
46,1.3,131000,-0.5,2,8.6,42,50,370.67,-3
19,6.800000000000001,27000,0.30000000000000004,1,0.9,79,10,243.53,4
23,4.5,186000,-0.2,3,5.0,42,75,159.94,2
24,7.6000000000000005,12000,-0.1,3,0.0,50,15,126.88000000000001,1
57,8.4,26000,-0.7000000000000001,4,6.9,76,35,127.86,-3
35,2.8000000000000003,134000,0.1,5,0.4,87,55,200.92000000000002,4
63,6.5,19000,0.6000000000000001,1,1.3,10,100,157.51,-3
22,4.4,190000,0.4,4,6.800000000000001,61,90,150.42000000000002,-4
47,6.7,163000,-0.7000000000000001,3,7.2,12,5,282.45,4
47,4.1000000000000005,3000,-0.6000000000000001,2,2.2,85,85,403.26,0
26,1.9000000000000001,56000,-1.0,2,2.3000000000000003,19,70,354.36,2
47,7.9,0,0.1,5,2.8000000000000003,77,30,172.75,3
19,3.5,94000,0.8,2,3.6,85,25,141.69,5
54,5.4,176000,-1.0,5,7.7,43,30,157.27,0
23,7.5,8000,-0.5,4,5.7,43,65,152.59,-3
30,2.8000000000000003,191000,-0.7000000000000001,2,7.9,69,85,190.51,5
50,1.9000000000000001,155000,0.30000000000000004,4,1.2000000000000002,98,85,373.03000000000003,-2
54,3.4000000000000004,79000,-0.30000000000000004,4,8.6,99,80,234.17000000000002,-3
48,3.3000000000000003,140000,0.9,3,1.5,40,75,311.35,2
43,1.5,192000,-0.9,1,2.1,52,0,229.25,1
23,3.5,32000,-0.2,2,8.1,99,10,427.03000000000003,0
38,3.9000000000000004,122000,0.1,2,2.2,41,85,291.98,-1
43,2.6,137000,0.9,4,7.6000000000000005,73,75,365.32,0
17,0.30000000000000004,84000,0.30000000000000004,1,6.9,61,20,191.51,3
44,9.9,154000,0.30000000000000004,1,9.9,38,65,226.65,-3
65,7.300000000000001,163000,-0.7000000000000001,4,5.1000000000000005,15,5,408.0,-5
30,5.5,85000,-0.1,5,6.5,92,5,66.44,-3
41,5.9,131000,0.7000000000000001,2,9.1,95,20,245.19,-1
40,6.4,49000,-0.4,4,8.700000000000001,46,80,113.8,1
32,1.6,78000,-0.5,3,5.5,63,75,345.53000000000003,4
45,6.5,102000,0.9,2,8.1,95,35,211.93,4
42,1.0,135000,-0.9,4,6.7,95,65,175.76,4
24,5.2,170000,0.2,4,9.4,65,25,356.47,1
56,7.4,151000,-0.2,2,2.7,29,80,87.79,0
65,9.5,72000,1.0,3,8.700000000000001,93,15,166.85,2
42,4.9,17000,0.9,1,6.2,85,100,484.23,0
47,2.2,100000,0.2,1,9.5,11,15,262.13,-5
25,3.3000000000000003,15000,0.6000000000000001,5,9.700000000000001,45,60,259.06,-3
48,5.800000000000001,185000,0.2,5,4.800000000000001,97,15,285.57,1
48,8.3,1000,0.7000000000000001,1,10.0,4,85,193.16,1
16,8.3,23000,-0.8,2,3.2,6,35,294.73,-2
65,8.9,8000,-0.30000000000000004,5,3.4000000000000004,85,5,375.55,1
41,2.1,178000,0.1,2,9.0,83,20,319.51,-1
32,1.1,186000,0.2,3,5.6000000000000005,81,65,412.99,1
31,6.300000000000001,128000,-0.7000000000000001,4,4.5,92,45,197.59,-4
47,5.800000000000001,107000,0.8,1,1.4000000000000001,33,100,410.74,-5
56,6.2,152000,0.8,4,8.4,45,70,228.08,5
48,7.1000000000000005,91000,1.0,2,8.700000000000001,25,90,356.48,-3
25,2.5,136000,0.1,3,5.9,12,100,402.92,-5
63,5.5,159000,0.5,1,8.5,2,45,292.64,-4
60,2.0,107000,-0.6000000000000001,5,1.0,69,75,216.79,-4
35,0.8,155000,0.2,5,5.1000000000000005,69,70,431.49,-4
65,1.1,3000,0.2,3,9.4,93,55,345.49,-5
33,7.4,101000,-0.2,2,1.4000000000000001,3,60,487.97,-5
58,8.9,115000,-0.4,3,2.2,1,0,491.67,-4
38,5.0,189000,0.7000000000000001,3,8.0,50,15,325.87,4
39,6.5,38000,0.5,1,3.9000000000000004,79,100,456.17,-1
21,2.2,59000,1.0,1,6.4,55,60,387.8,1
49,5.9,78000,-1.0,5,6.4,14,35,275.74,-5
29,5.0,126000,0.7000000000000001,5,6.2,69,0,347.05,4
27,8.4,138000,-0.1,4,5.1000000000000005,79,10,465.54,0
43,0.8,127000,0.6000000000000001,4,8.8,50,100,207.88,5
45,5.7,29000,0.0,4,8.6,27,15,461.72,-2
37,8.0,190000,1.0,4,2.1,90,60,487.5,5
55,2.7,94000,0.7000000000000001,1,8.1,1,0,254.34,-4
56,5.9,60000,-0.2,2,5.0,35,50,80.65,-1
22,9.200000000000001,53000,0.1,1,8.700000000000001,21,80,319.29,-3
43,3.2,103000,-0.7000000000000001,2,9.3,16,100,498.36,4
17,0.5,18000,-0.6000000000000001,2,5.9,8,90,197.97,5
27,9.600000000000001,135000,0.0,1,7.4,46,35,297.11,-1
57,9.0,67000,-0.5,1,9.200000000000001,31,15,394.92,-1
19,5.9,132000,0.5,1,8.200000000000001,53,90,144.45000000000002,-1
31,6.9,156000,-0.6000000000000001,5,3.1,3,70,484.85,-1
54,8.0,177000,0.6000000000000001,4,7.6000000000000005,45,80,245.16,-3
58,2.5,84000,-0.4,3,5.300000000000001,7,60,358.69,-2
55,6.7,113000,0.8,2,8.700000000000001,45,5,250.99,-3
40,7.4,121000,0.7000000000000001,5,1.4000000000000001,76,65,59.01,-1
54,3.9000000000000004,160000,-1.0,2,8.200000000000001,57,25,204.01,0
46,0.30000000000000004,151000,-0.5,2,8.1,4,55,443.34000000000003,-5
30,4.3,122000,-0.1,4,1.1,16,60,172.05,-2
43,9.200000000000001,121000,-0.1,1,2.4000000000000004,92,95,187.46,-1
54,3.1,165000,-0.4,2,6.2,15,55,314.75,2
50,3.8000000000000003,95000,0.8,2,4.9,62,30,120.84,-1
22,0.9,193000,-0.2,5,5.1000000000000005,4,20,289.55,-5
41,10.0,90000,-0.7000000000000001,3,5.2,97,30,226.70000000000002,-4
46,4.0,146000,0.2,5,2.5,35,75,499.57,1
30,4.3,116000,0.0,4,8.9,3,90,137.45000000000002,5
29,4.6000000000000005,151000,-0.2,5,8.8,89,40,330.41,-1
15,5.4,2000,-0.1,4,0.6000000000000001,50,35,348.27,3
21,7.300000000000001,190000,-0.2,5,8.0,53,95,218.53,3
40,6.7,131000,0.30000000000000004,4,7.300000000000001,96,65,291.82,2
63,3.7,8000,-0.1,2,4.4,43,40,127.04,-4
41,0.4,40000,-0.1,5,5.300000000000001,27,100,383.71000000000004,-1
61,2.9000000000000004,3000,-0.9,2,2.4000000000000004,33,90,196.77,-1
22,9.9,19000,0.9,1,3.8000000000000003,56,85,172.65,-3
18,9.5,11000,-0.6000000000000001,4,5.7,22,55,433.05,5
43,7.6000000000000005,24000,0.5,4,2.5,38,90,279.89,-5
42,7.9,49000,-0.6000000000000001,5,3.0,42,95,469.45,-1
52,5.5,99000,0.9,3,1.9000000000000001,15,100,266.75,1
20,1.2000000000000002,168000,0.0,3,7.5,3,20,155.54,5
19,10.0,2000,-0.8,2,4.0,54,40,254.27,-1
20,6.7,70000,1.0,3,5.300000000000001,60,40,312.17,-1
51,3.5,17000,0.5,4,8.8,38,0,215.79,1
60,9.0,126000,0.1,5,3.9000000000000004,87,60,479.19,-1
27,7.300000000000001,0,-1.0,2,7.2,47,35,308.27,-1
36,4.0,92000,-0.5,1,1.3,6,10,71.82000000000001,-2
23,1.6,79000,0.7000000000000001,2,9.700000000000001,51,25,337.64,-1
15,0.7000000000000001,4000,-0.9,4,5.6000000000000005,7,70,344.03000000000003,-1
52,6.9,111000,0.2,2,0.8,76,55,320.42,0
30,5.2,137000,-0.1,5,5.800000000000001,1,50,324.08,1
22,1.0,3000,-0.30000000000000004,5,9.4,46,15,399.91,-3
42,9.0,128000,-0.4,3,6.2,44,10,160.04,-1
54,4.9,41000,0.2,2,5.2,91,95,275.11,5
34,1.1,54000,-0.1,4,1.9000000000000001,88,90,259.93,-3
22,6.1000000000000005,60000,-0.8,3,7.1000000000000005,14,30,173.65,2
45,8.3,53000,-0.8,1,6.6000000000000005,49,70,243.07,5
61,3.8000000000000003,33000,0.4,5,9.4,35,100,221.47,-3
61,9.4,148000,-0.6000000000000001,3,0.2,8,75,267.89,3
17,6.2,143000,0.7000000000000001,1,7.2,57,85,165.0,-5
33,7.2,184000,0.8,3,3.7,1,30,381.74,-3
49,6.4,186000,0.2,3,3.7,80,35,164.96,4
15,2.9000000000000004,110000,0.7000000000000001,1,9.0,90,65,90.66,-2
22,8.6,9000,-0.6000000000000001,4,0.6000000000000001,16,50,92.55,2
30,3.8000000000000003,33000,0.9,4,9.9,65,75,425.23,0
59,7.5,196000,-0.1,4,1.7000000000000002,10,30,357.87,-5
51,9.5,184000,-0.30000000000000004,3,4.1000000000000005,17,85,444.25,-5
17,6.5,185000,0.2,3,6.7,51,85,386.61,0
46,8.4,30000,0.7000000000000001,3,8.4,27,100,166.43,-4
34,6.1000000000000005,185000,0.1,4,5.2,27,80,401.35,-3
39,5.6000000000000005,168000,0.0,5,6.4,67,5,95.64,-4
47,9.0,57000,0.4,1,8.6,83,10,238.07,4
63,7.300000000000001,107000,0.4,5,0.2,61,25,88.8,-1
27,2.8000000000000003,125000,-1.0,1,8.6,56,55,333.92,4
60,4.4,50000,-0.7000000000000001,5,5.800000000000001,33,0,284.95,-3
19,1.0,85000,-0.30000000000000004,2,0.30000000000000004,78,5,407.77,-2
17,3.6,142000,0.7000000000000001,4,8.1,75,50,188.15,-1
24,1.6,18000,-0.6000000000000001,1,4.0,13,5,406.04,-5
23,0.1,78000,0.5,1,1.5,5,70,68.96000000000001,-2
50,1.6,75000,-0.30000000000000004,3,0.6000000000000001,28,80,148.75,-4
59,7.0,194000,-0.30000000000000004,5,2.8000000000000003,81,30,72.58,4
27,2.6,136000,-0.8,2,0.9,91,80,304.28000000000003,-5
63,6.7,161000,0.0,2,5.0,68,90,497.58,4
20,1.5,168000,0.8,1,4.2,76,0,213.11,4
19,9.200000000000001,171000,0.30000000000000004,5,5.2,87,75,347.41,-1
58,4.4,39000,1.0,5,6.5,85,30,164.55,1
65,7.1000000000000005,28000,-0.6000000000000001,4,10.0,90,35,373.44,-5
45,0.9,82000,-0.7000000000000001,2,8.700000000000001,63,90,350.91,4
46,9.600000000000001,38000,1.0,4,6.7,97,0,192.51,-3
36,6.5,28000,1.0,1,1.0,65,45,159.62,1
45,0.4,128000,-1.0,4,3.0,51,85,281.24,-1
50,1.8,22000,-0.6000000000000001,4,1.2000000000000002,40,50,469.66,3
24,3.2,128000,-0.30000000000000004,3,0.0,32,70,152.29,4
56,2.3000000000000003,160000,-1.0,2,9.8,50,20,266.03000000000003,-4
53,0.7000000000000001,178000,-0.7000000000000001,2,7.300000000000001,9,30,285.83,0
59,5.300000000000001,155000,-0.6000000000000001,3,2.2,46,75,239.64000000000001,-2
40,7.6000000000000005,190000,-0.8,5,9.600000000000001,89,0,370.67,-3
30,8.3,144000,-0.1,4,2.8000000000000003,84,45,337.1,4
47,7.0,64000,-0.9,2,5.800000000000001,41,85,163.09,5
52,10.0,39000,-0.4,1,3.7,84,35,483.24,5
26,2.6,189000,-0.5,2,3.1,54,90,147.4,0
65,5.800000000000001,104000,-0.9,5,5.1000000000000005,98,40,480.78000000000003,0
65,2.4000000000000004,158000,-1.0,1,8.4,23,70,238.44,-3
39,2.5,124000,0.7000000000000001,2,2.8000000000000003,9,85,376.39,-4
30,8.5,97000,0.30000000000000004,3,7.6000000000000005,63,55,458.26,-2
58,2.1,136000,0.7000000000000001,4,2.1,85,55,250.91,-3
26,9.4,71000,0.30000000000000004,3,0.5,56,25,224.67000000000002,4
57,3.2,144000,-1.0,1,6.7,55,65,429.62,1
63,6.9,93000,0.30000000000000004,5,5.1000000000000005,5,30,142.81,-5
52,1.0,168000,0.9,4,6.4,80,5,272.95,4
21,3.7,126000,-0.6000000000000001,2,2.2,34,65,362.55,0
45,0.8,149000,0.5,4,7.9,42,85,494.18,-2
61,2.5,149000,-0.6000000000000001,2,2.3000000000000003,9,60,312.45,5
23,8.4,64000,-1.0,1,8.9,21,50,300.99,5
62,8.4,22000,-0.7000000000000001,3,7.9,30,35,230.36,0
64,8.0,140000,0.30000000000000004,1,1.0,66,70,81.5,1
48,3.1,87000,0.30000000000000004,1,6.7,13,85,188.65,1
18,5.2,162000,0.8,4,7.7,17,40,231.33,2
27,6.1000000000000005,128000,0.2,2,5.1000000000000005,30,95,139.74,1
20,2.2,176000,0.2,1,1.2000000000000002,97,65,391.83,-3
16,7.5,87000,0.9,4,6.2,76,20,299.43,3
45,9.0,124000,0.30000000000000004,1,8.6,64,20,290.72,-5
31,8.5,33000,-0.1,2,2.8000000000000003,4,50,362.96,-1
26,5.800000000000001,196000,0.4,1,6.2,66,100,102.72,-3
65,3.1,158000,0.5,1,2.5,6,60,82.12,-3
25,6.6000000000000005,151000,-0.6000000000000001,1,0.7000000000000001,48,10,373.19,0
18,4.3,13000,0.1,1,7.1000000000000005,93,70,54.95,-1
58,7.9,4000,-0.7000000000000001,4,8.8,95,30,118.67,0
52,2.5,103000,0.30000000000000004,3,3.4000000000000004,89,0,331.1,4
61,4.1000000000000005,162000,0.1,2,5.4,90,60,486.19,5
29,1.1,48000,0.30000000000000004,4,4.4,61,10,199.03,5
51,4.6000000000000005,121000,-1.0,5,5.5,81,40,410.08,-4
61,7.2,159000,-0.6000000000000001,4,7.5,13,90,455.25,2
65,4.6000000000000005,77000,-0.5,3,0.5,28,50,354.94,3
64,3.1,14000,-0.6000000000000001,1,2.0,4,70,71.34,-5
41,3.5,95000,0.1,5,0.4,5,80,373.79,-3
21,8.8,21000,0.2,1,5.4,93,20,218.9,-2
43,10.0,52000,0.1,3,9.5,12,85,311.43,0
64,3.9000000000000004,34000,0.30000000000000004,3,8.1,77,10,146.6,0
38,0.8,187000,1.0,1,1.5,60,50,494.74,-1
33,2.8000000000000003,62000,0.0,4,0.8,93,30,483.61,2
29,3.1,101000,-0.2,2,2.3000000000000003,19,35,248.24,-4
36,2.5,67000,-0.5,1,3.7,78,75,195.09,-1
60,10.0,192000,-0.5,3,6.7,48,25,406.83,4
34,9.5,32000,-1.0,5,5.2,91,40,258.2,-1
37,9.3,10000,-0.6000000000000001,5,0.0,46,40,170.26,-2
28,7.6000000000000005,185000,-0.4,2,0.2,96,80,413.68,0
36,2.6,181000,-0.5,3,0.5,35,15,182.42000000000002,2
56,8.3,158000,0.1,3,1.8,1,100,166.26,-1
26,0.4,33000,0.6000000000000001,3,7.6000000000000005,81,5,118.0,5
19,2.9000000000000004,66000,0.2,5,8.5,66,20,180.9,-5
56,6.7,123000,0.7000000000000001,1,3.9000000000000004,23,85,126.14,0
24,3.5,61000,0.0,2,2.2,12,0,387.47,3
27,3.0,118000,0.7000000000000001,2,9.1,35,95,491.75,5
56,1.5,126000,-0.4,2,9.3,68,25,143.62,-3
57,6.6000000000000005,7000,-0.4,3,9.700000000000001,91,95,93.26,-1
17,8.200000000000001,33000,0.1,1,5.0,11,45,321.34000000000003,-2
58,5.800000000000001,93000,1.0,5,9.200000000000001,81,30,456.96000000000004,-5
40,0.8,21000,-0.5,4,5.0,90,0,365.79,5
63,9.3,76000,-0.30000000000000004,4,9.3,84,90,324.45,-1
20,1.6,113000,0.5,1,9.1,57,90,105.11,-1
52,1.1,3000,-0.4,5,0.4,36,45,371.79,5
18,3.9000000000000004,2000,0.2,4,5.9,72,60,477.32,1
60,7.6000000000000005,181000,-1.0,3,4.800000000000001,1,25,350.62,4
34,6.5,56000,-0.30000000000000004,1,2.5,69,40,102.15,3
43,3.6,78000,0.9,2,9.200000000000001,10,40,310.98,-2
57,1.1,127000,0.5,1,7.9,42,25,182.91,3
63,5.5,33000,-0.1,3,1.9000000000000001,47,25,333.35,0
59,8.700000000000001,199000,-0.4,1,0.5,21,80,335.56,2
55,6.0,130000,-0.30000000000000004,1,8.4,10,40,454.71000000000004,-4
28,1.4000000000000001,74000,0.7000000000000001,5,3.2,46,60,344.36,2
48,3.1,110000,0.4,4,0.30000000000000004,38,10,327.91,3
22,6.1000000000000005,141000,0.5,4,1.1,7,30,206.95000000000002,5
17,5.6000000000000005,110000,0.7000000000000001,1,2.4000000000000004,0,95,490.94,2
65,7.4,132000,0.8,4,6.0,95,45,168.07,2
53,6.300000000000001,110000,0.6000000000000001,5,5.5,54,25,424.66,5
31,1.0,153000,0.1,5,6.1000000000000005,20,65,118.11,3
36,1.0,109000,0.1,4,0.1,75,45,285.53000000000003,-1
62,5.2,39000,1.0,2,6.2,12,30,133.66,-5
62,0.7000000000000001,67000,0.9,1,0.6000000000000001,20,20,251.38,5
59,5.2,94000,-0.6000000000000001,3,8.700000000000001,25,65,154.46,3
50,0.30000000000000004,159000,0.9,5,4.2,30,70,287.63,0
56,5.6000000000000005,139000,1.0,3,6.5,32,20,149.67000000000002,4
33,7.4,33000,0.7000000000000001,3,4.5,67,85,149.26,-4
24,3.0,127000,0.4,4,4.4,30,60,337.03000000000003,-5
40,6.800000000000001,20000,-0.9,3,5.4,43,25,333.88,-5
60,0.0,126000,1.0,5,2.2,88,55,444.29,1
21,7.1000000000000005,148000,0.4,1,0.4,56,0,225.61,0
49,5.5,140000,0.0,5,8.8,40,100,296.88,4
54,2.1,0,-0.1,4,2.4000000000000004,16,50,223.92000000000002,-3
40,7.300000000000001,129000,-0.6000000000000001,3,6.6000000000000005,53,70,402.88,-3
39,4.6000000000000005,182000,-0.5,4,1.2000000000000002,42,60,148.0,2
43,3.0,134000,-0.8,2,0.1,57,65,286.33,-5
17,10.0,185000,0.1,1,5.9,55,55,469.69,-4
28,3.6,160000,0.0,5,7.0,19,0,135.7,4
24,4.9,113000,0.8,4,0.9,78,40,473.59000000000003,3
55,5.0,113000,-0.2,2,1.5,85,10,170.61,-5
32,2.5,150000,-0.2,3,7.0,42,55,492.76,2
16,0.5,61000,-0.2,2,4.4,72,5,309.76,2
26,1.6,163000,-0.4,5,4.2,32,25,69.28,1
32,1.5,18000,1.0,5,1.4000000000000001,44,40,354.79,5
61,6.0,191000,0.7000000000000001,5,1.4000000000000001,28,75,141.75,4
15,0.9,66000,-0.8,2,6.2,30,35,349.74,4
61,1.8,12000,-0.7000000000000001,3,4.0,58,45,306.82,3
52,6.800000000000001,12000,0.5,1,1.8,53,35,186.61,5
55,0.8,198000,0.6000000000000001,3,8.5,13,90,158.94,4
54,7.1000000000000005,199000,-0.6000000000000001,1,4.2,38,75,363.53000000000003,3
